CREATE DATABASE  IF NOT EXISTS `id26346702` /*!40100 DEFAULT CHARACTER SET utf8 */;
USE `id26346702`;
-- MySQL dump 10.13  Distrib 5.6.20, for linux-glibc2.5 (x86_64)
--
-- Host: localhost    Database: id26346702
-- ------------------------------------------------------
-- Server version	5.6.20

/*!40101 SET @OLD_CHARACTER_SET_CLIENT=@@CHARACTER_SET_CLIENT */;
/*!40101 SET @OLD_CHARACTER_SET_RESULTS=@@CHARACTER_SET_RESULTS */;
/*!40101 SET @OLD_COLLATION_CONNECTION=@@COLLATION_CONNECTION */;
/*!40101 SET NAMES utf8 */;
/*!40103 SET @OLD_TIME_ZONE=@@TIME_ZONE */;
/*!40103 SET TIME_ZONE='+00:00' */;
/*!40014 SET @OLD_UNIQUE_CHECKS=@@UNIQUE_CHECKS, UNIQUE_CHECKS=0 */;
/*!40014 SET @OLD_FOREIGN_KEY_CHECKS=@@FOREIGN_KEY_CHECKS, FOREIGN_KEY_CHECKS=0 */;
/*!40101 SET @OLD_SQL_MODE=@@SQL_MODE, SQL_MODE='NO_AUTO_VALUE_ON_ZERO' */;
/*!40111 SET @OLD_SQL_NOTES=@@SQL_NOTES, SQL_NOTES=0 */;

--
-- Table structure for table `booker`
--

DROP TABLE IF EXISTS `booker`;
/*!40101 SET @saved_cs_client     = @@character_set_client */;
/*!40101 SET character_set_client = utf8 */;
CREATE TABLE `booker` (
  `bookerID` varchar(255) NOT NULL,
  `bookerName` varchar(45) NOT NULL,
  `telePhone` varchar(45) NOT NULL,
  `email` varchar(45) NOT NULL,
  `passwd` varchar(45) NOT NULL,
  PRIMARY KEY (`bookerID`),
  UNIQUE KEY `bookerID_UNIQUE` (`bookerID`)
) ENGINE=InnoDB DEFAULT CHARSET=latin1;
/*!40101 SET character_set_client = @saved_cs_client */;

--
-- Dumping data for table `booker`
--

LOCK TABLES `booker` WRITE;
/*!40000 ALTER TABLE `booker` DISABLE KEYS */;
INSERT INTO `booker` VALUES ('26346702','yujun','18662219952','yujunshe@qq.com','123456'),('26346703','yujun','18662219952','yujunshe@qq.com','123456');
/*!40000 ALTER TABLE `booker` ENABLE KEYS */;
UNLOCK TABLES;

--
-- Table structure for table `hotel1`
--

DROP TABLE IF EXISTS `hotel1`;
/*!40101 SET @saved_cs_client     = @@character_set_client */;
/*!40101 SET character_set_client = utf8 */;
CREATE TABLE `hotel1` (
  `hotelID` int(11) NOT NULL,
  `citystr` varchar(45) NOT NULL,
  `location` varchar(45) NOT NULL,
  `bandstr` varchar(45) NOT NULL,
  `vacantrooms` int(11) NOT NULL,
  `roomrate` double NOT NULL,
  `roomNo` int(11) NOT NULL,
  PRIMARY KEY (`hotelID`),
  UNIQUE KEY `hotelID_UNIQUE` (`hotelID`)
) ENGINE=InnoDB DEFAULT CHARSET=latin1;
/*!40101 SET character_set_client = @saved_cs_client */;

--
-- Dumping data for table `hotel1`
--

LOCK TABLES `hotel1` WRITE;
/*!40000 ALTER TABLE `hotel1` DISABLE KEYS */;
INSERT INTO `hotel1` VALUES (1,'Ningbo','Zhejiang','hilton',10,106.06,10),(2,'Suzhou','Jiangsu','chevron',9,107.06,10),(3,'Hangzhou','Zhejiang','regent',9,108.06,10),(4,'Melbourne','Victoria','hilton',10,109.06,10),(5,'Sydney','NSW','chevron',10,110.06,10),(6,'Brisbane','Queensland','regent',10,111.06,10),(7,'Adelaide','SA','hilton',10,112.06,10),(8,'NanJing','Jiangsu','chevron',10,113.06,10),(9,'Ningbo','Zhejiang','regent',9,114.06,10),(10,'Suzhou','Jiangsu','hilton',10,115.06,10),(11,'Hangzhou','Zhejiang','chevron',10,116.06,10),(12,'Melbourne','Victoria','regent',10,117.06,10),(13,'Sydney','NSW','hilton',10,118.06,10),(14,'Brisbane','Queensland','chevron',10,119.06,10),(15,'Adelaide','SA','regent',10,120.06,10),(16,'NanJing','Jiangsu','hilton',10,121.06,10),(17,'Ningbo','Zhejiang','chevron',10,122.06,10),(18,'Suzhou','Jiangsu','regent',10,123.06,10),(19,'Hangzhou','Zhejiang','hilton',10,124.06,10),(20,'Melbourne','Victoria','chevron',10,125.06,10),(21,'Sydney','NSW','regent',10,126.06,10),(22,'Brisbane','Queensland','hilton',10,127.06,10),(23,'Adelaide','SA','chevron',10,128.06,10),(24,'NanJing','Jiangsu','regent',10,129.06,10),(25,'Ningbo','Zhejiang','hilton',10,130.06,10),(26,'Suzhou','Jiangsu','chevron',10,131.06,10),(27,'Hangzhou','Zhejiang','regent',10,132.06,10),(28,'Melbourne','Victoria','hilton',10,133.06,10),(29,'Sydney','NSW','chevron',10,134.06,10),(30,'Brisbane','Queensland','regent',10,135.06,10);
/*!40000 ALTER TABLE `hotel1` ENABLE KEYS */;
UNLOCK TABLES;

--
-- Table structure for table `hotel2`
--

DROP TABLE IF EXISTS `hotel2`;
/*!40101 SET @saved_cs_client     = @@character_set_client */;
/*!40101 SET character_set_client = utf8 */;
CREATE TABLE `hotel2` (
  `hotelID` int(11) NOT NULL,
  `citystr` varchar(45) NOT NULL,
  `location` varchar(45) NOT NULL,
  `bandstr` varchar(45) NOT NULL,
  `vacantrooms` int(11) NOT NULL,
  `roomrate` double NOT NULL,
  `roomNo` int(11) NOT NULL,
  PRIMARY KEY (`hotelID`),
  UNIQUE KEY `hotelID_UNIQUE` (`hotelID`)
) ENGINE=InnoDB DEFAULT CHARSET=latin1;
/*!40101 SET character_set_client = @saved_cs_client */;

--
-- Dumping data for table `hotel2`
--

LOCK TABLES `hotel2` WRITE;
/*!40000 ALTER TABLE `hotel2` DISABLE KEYS */;
INSERT INTO `hotel2` VALUES (1,'Ningbo','Zhejiang','hilton',10,106.06,10),(2,'Suzhou','Jiangsu','chevron',10,107.06,10),(3,'Hangzhou','Zhejiang','regent',10,108.06,10),(4,'Melbourne','Victoria','hilton',10,109.06,10),(5,'Sydney','NSW','chevron',10,110.06,10),(6,'Brisbane','Queensland','regent',10,111.06,10),(7,'Adelaide','SA','hilton',10,112.06,10),(8,'NanJing','Jiangsu','chevron',10,113.06,10),(9,'Ningbo','Zhejiang','regent',10,114.06,10),(10,'Suzhou','Jiangsu','hilton',10,115.06,10),(11,'Hangzhou','Zhejiang','chevron',10,116.06,10),(12,'Melbourne','Victoria','regent',10,117.06,10),(13,'Sydney','NSW','hilton',10,118.06,10),(14,'Brisbane','Queensland','chevron',10,119.06,10),(15,'Adelaide','SA','regent',10,120.06,10),(16,'NanJing','Jiangsu','hilton',10,121.06,10),(17,'Ningbo','Zhejiang','chevron',10,122.06,10),(18,'Suzhou','Jiangsu','regent',10,123.06,10),(19,'Hangzhou','Zhejiang','hilton',10,124.06,10),(20,'Melbourne','Victoria','chevron',10,125.06,10),(21,'Sydney','NSW','regent',10,126.06,10),(22,'Brisbane','Queensland','hilton',10,127.06,10),(23,'Adelaide','SA','chevron',10,128.06,10),(24,'NanJing','Jiangsu','regent',10,129.06,10),(25,'Ningbo','Zhejiang','hilton',10,130.06,10),(26,'Suzhou','Jiangsu','chevron',10,131.06,10),(27,'Hangzhou','Zhejiang','regent',10,132.06,10),(28,'Melbourne','Victoria','hilton',10,133.06,10),(29,'Sydney','NSW','chevron',10,134.06,10),(30,'Brisbane','Queensland','regent',10,135.06,10);
/*!40000 ALTER TABLE `hotel2` ENABLE KEYS */;
UNLOCK TABLES;

--
-- Table structure for table `room1`
--

DROP TABLE IF EXISTS `room1`;
/*!40101 SET @saved_cs_client     = @@character_set_client */;
/*!40101 SET character_set_client = utf8 */;
CREATE TABLE `room1` (
  `roomID` int(11) NOT NULL,
  `checkinDate` date NOT NULL,
  `checkoutDate` date NOT NULL,
  `hotelID` int(11) NOT NULL,
  PRIMARY KEY (`roomID`),
  UNIQUE KEY `roomID_UNIQUE` (`roomID`),
  KEY `fk_hotel_idx` (`hotelID`),
  CONSTRAINT `fk_hotelID` FOREIGN KEY (`hotelID`) REFERENCES `hotel1` (`hotelID`) ON DELETE NO ACTION ON UPDATE NO ACTION
) ENGINE=InnoDB DEFAULT CHARSET=latin1;
/*!40101 SET character_set_client = @saved_cs_client */;

--
-- Dumping data for table `room1`
--

LOCK TABLES `room1` WRITE;
/*!40000 ALTER TABLE `room1` DISABLE KEYS */;
INSERT INTO `room1` VALUES (10,'2015-05-01','2015-05-01',1),(11,'2015-05-01','2015-05-01',1),(12,'2015-05-01','2015-05-01',1),(13,'2015-05-01','2015-05-01',1),(14,'2015-05-01','2015-05-01',1),(15,'2015-05-01','2015-05-01',1),(16,'2015-05-01','2015-05-01',1),(17,'2015-05-01','2015-05-01',1),(18,'2015-05-01','2015-05-01',1),(19,'2015-05-01','2015-05-01',1),(20,'2015-05-01','2015-05-01',2),(21,'2015-05-01','2015-05-01',2),(22,'2015-05-01','2015-05-01',2),(23,'2015-05-01','2015-05-01',2),(24,'2015-05-01','2015-05-01',2),(25,'2015-05-01','2015-05-01',2),(26,'2015-05-01','2015-05-01',2),(27,'2015-05-01','2015-05-01',2),(28,'2015-05-03','2015-05-07',2),(29,'2015-05-01','2015-05-01',2),(30,'2015-05-01','2015-05-01',3),(31,'2015-05-01','2015-05-01',3),(32,'2015-05-01','2015-05-01',3),(33,'2015-05-01','2015-05-01',3),(34,'2015-05-01','2015-05-01',3),(35,'2015-05-02','2015-05-08',3),(36,'2015-05-01','2015-05-01',3),(37,'2015-05-01','2015-05-01',3),(38,'2015-05-01','2015-05-01',3),(39,'2015-05-01','2015-05-01',3),(40,'2015-05-01','2015-05-01',4),(41,'2015-05-01','2015-05-01',4),(42,'2015-05-01','2015-05-01',4),(43,'2015-05-01','2015-05-01',4),(44,'2015-05-01','2015-05-01',4),(45,'2015-05-01','2015-05-01',4),(46,'2015-05-01','2015-05-01',4),(47,'2015-05-01','2015-05-01',4),(48,'2015-05-01','2015-05-01',4),(49,'2015-05-01','2015-05-01',4),(50,'2015-05-01','2015-05-01',5),(51,'2015-05-01','2015-05-01',5),(52,'2015-05-01','2015-05-01',5),(53,'2015-05-01','2015-05-01',5),(54,'2015-05-01','2015-05-01',5),(55,'2015-05-01','2015-05-01',5),(56,'2015-05-01','2015-05-01',5),(57,'2015-05-01','2015-05-01',5),(58,'2015-05-01','2015-05-01',5),(59,'2015-05-01','2015-05-01',5),(60,'2015-05-01','2015-05-01',6),(61,'2015-05-01','2015-05-01',6),(62,'2015-05-01','2015-05-01',6),(63,'2015-05-01','2015-05-01',6),(64,'2015-05-01','2015-05-01',6),(65,'2015-05-01','2015-05-01',6),(66,'2015-05-01','2015-05-01',6),(67,'2015-05-01','2015-05-01',6),(68,'2015-05-01','2015-05-01',6),(69,'2015-05-01','2015-05-01',6),(70,'2015-05-01','2015-05-01',7),(71,'2015-05-01','2015-05-01',7),(72,'2015-05-01','2015-05-01',7),(73,'2015-05-01','2015-05-01',7),(74,'2015-05-01','2015-05-01',7),(75,'2015-05-01','2015-05-01',7),(76,'2015-05-01','2015-05-01',7),(77,'2015-05-01','2015-05-01',7),(78,'2015-05-01','2015-05-01',7),(79,'2015-05-01','2015-05-01',7),(80,'2015-05-01','2015-05-01',8),(81,'2015-05-01','2015-05-01',8),(82,'2015-05-01','2015-05-01',8),(83,'2015-05-01','2015-05-01',8),(84,'2015-05-01','2015-05-01',8),(85,'2015-05-01','2015-05-01',8),(86,'2015-05-01','2015-05-01',8),(87,'2015-05-01','2015-05-01',8),(88,'2015-05-01','2015-05-01',8),(89,'2015-05-01','2015-05-01',8),(90,'2015-05-05','2015-05-11',9),(91,'2015-05-01','2015-05-01',9),(92,'2015-05-01','2015-05-01',9),(93,'2015-05-01','2015-05-01',9),(94,'2015-05-01','2015-05-01',9),(95,'2015-05-01','2015-05-01',9),(96,'2015-05-01','2015-05-01',9),(97,'2015-05-01','2015-05-01',9),(98,'2015-05-01','2015-05-01',9),(99,'2015-05-01','2015-05-01',9),(100,'2015-05-01','2015-05-01',10),(101,'2015-05-01','2015-05-01',10),(102,'2015-05-01','2015-05-01',10),(103,'2015-05-01','2015-05-01',10),(104,'2015-05-01','2015-05-01',10),(105,'2015-05-01','2015-05-01',10),(106,'2015-05-01','2015-05-01',10),(107,'2015-05-01','2015-05-01',10),(108,'2015-05-01','2015-05-01',10),(109,'2015-05-01','2015-05-01',10),(110,'2015-05-01','2015-05-01',11),(111,'2015-05-01','2015-05-01',11),(112,'2015-05-01','2015-05-01',11),(113,'2015-05-01','2015-05-01',11),(114,'2015-05-01','2015-05-01',11),(115,'2015-05-01','2015-05-01',11),(116,'2015-05-01','2015-05-01',11),(117,'2015-05-01','2015-05-01',11),(118,'2015-05-01','2015-05-01',11),(119,'2015-05-01','2015-05-01',11),(120,'2015-05-01','2015-05-01',12),(121,'2015-05-01','2015-05-01',12),(122,'2015-05-01','2015-05-01',12),(123,'2015-05-01','2015-05-01',12),(124,'2015-05-01','2015-05-01',12),(125,'2015-05-01','2015-05-01',12),(126,'2015-05-01','2015-05-01',12),(127,'2015-05-01','2015-05-01',12),(128,'2015-05-01','2015-05-01',12),(129,'2015-05-01','2015-05-01',12),(130,'2015-05-01','2015-05-01',13),(131,'2015-05-01','2015-05-01',13),(132,'2015-05-01','2015-05-01',13),(133,'2015-05-01','2015-05-01',13),(134,'2015-05-01','2015-05-01',13),(135,'2015-05-01','2015-05-01',13),(136,'2015-05-01','2015-05-01',13),(137,'2015-05-01','2015-05-01',13),(138,'2015-05-01','2015-05-01',13),(139,'2015-05-01','2015-05-01',13),(140,'2015-05-01','2015-05-01',14),(141,'2015-05-01','2015-05-01',14),(142,'2015-05-01','2015-05-01',14),(143,'2015-05-01','2015-05-01',14),(144,'2015-05-01','2015-05-01',14),(145,'2015-05-01','2015-05-01',14),(146,'2015-05-01','2015-05-01',14),(147,'2015-05-01','2015-05-01',14),(148,'2015-05-01','2015-05-01',14),(149,'2015-05-01','2015-05-01',14),(150,'2015-05-01','2015-05-01',15),(151,'2015-05-01','2015-05-01',15),(152,'2015-05-01','2015-05-01',15),(153,'2015-05-01','2015-05-01',15),(154,'2015-05-01','2015-05-01',15),(155,'2015-05-01','2015-05-01',15),(156,'2015-05-01','2015-05-01',15),(157,'2015-05-01','2015-05-01',15),(158,'2015-05-01','2015-05-01',15),(159,'2015-05-01','2015-05-01',15),(160,'2015-05-01','2015-05-01',16),(161,'2015-05-01','2015-05-01',16),(162,'2015-05-01','2015-05-01',16),(163,'2015-05-01','2015-05-01',16),(164,'2015-05-01','2015-05-01',16),(165,'2015-05-01','2015-05-01',16),(166,'2015-05-01','2015-05-01',16),(167,'2015-05-01','2015-05-01',16),(168,'2015-05-01','2015-05-01',16),(169,'2015-05-01','2015-05-01',16),(170,'2015-05-01','2015-05-01',17),(171,'2015-05-01','2015-05-01',17),(172,'2015-05-01','2015-05-01',17),(173,'2015-05-01','2015-05-01',17),(174,'2015-05-01','2015-05-01',17),(175,'2015-05-01','2015-05-01',17),(176,'2015-05-01','2015-05-01',17),(177,'2015-05-01','2015-05-01',17),(178,'2015-05-01','2015-05-01',17),(179,'2015-05-01','2015-05-01',17),(180,'2015-05-01','2015-05-01',18),(181,'2015-05-01','2015-05-01',18),(182,'2015-05-01','2015-05-01',18),(183,'2015-05-01','2015-05-01',18),(184,'2015-05-01','2015-05-01',18),(185,'2015-05-01','2015-05-01',18),(186,'2015-05-01','2015-05-01',18),(187,'2015-05-01','2015-05-01',18),(188,'2015-05-01','2015-05-01',18),(189,'2015-05-01','2015-05-01',18),(190,'2015-05-01','2015-05-01',19),(191,'2015-05-01','2015-05-01',19),(192,'2015-05-01','2015-05-01',19),(193,'2015-05-01','2015-05-01',19),(194,'2015-05-01','2015-05-01',19),(195,'2015-05-01','2015-05-01',19),(196,'2015-05-01','2015-05-01',19),(197,'2015-05-01','2015-05-01',19),(198,'2015-05-01','2015-05-01',19),(199,'2015-05-01','2015-05-01',19),(200,'2015-05-01','2015-05-01',20),(201,'2015-05-01','2015-05-01',20),(202,'2015-05-01','2015-05-01',20),(203,'2015-05-01','2015-05-01',20),(204,'2015-05-01','2015-05-01',20),(205,'2015-05-01','2015-05-01',20),(206,'2015-05-01','2015-05-01',20),(207,'2015-05-01','2015-05-01',20),(208,'2015-05-01','2015-05-01',20),(209,'2015-05-01','2015-05-01',20),(210,'2015-05-01','2015-05-01',21),(211,'2015-05-01','2015-05-01',21),(212,'2015-05-01','2015-05-01',21),(213,'2015-05-01','2015-05-01',21),(214,'2015-05-01','2015-05-01',21),(215,'2015-05-01','2015-05-01',21),(216,'2015-05-01','2015-05-01',21),(217,'2015-05-01','2015-05-01',21),(218,'2015-05-01','2015-05-01',21),(219,'2015-05-01','2015-05-01',21),(220,'2015-05-01','2015-05-01',22),(221,'2015-05-01','2015-05-01',22),(222,'2015-05-01','2015-05-01',22),(223,'2015-05-01','2015-05-01',22),(224,'2015-05-01','2015-05-01',22),(225,'2015-05-01','2015-05-01',22),(226,'2015-05-01','2015-05-01',22),(227,'2015-05-01','2015-05-01',22),(228,'2015-05-01','2015-05-01',22),(229,'2015-05-01','2015-05-01',22),(230,'2015-05-01','2015-05-01',23),(231,'2015-05-01','2015-05-01',23),(232,'2015-05-01','2015-05-01',23),(233,'2015-05-01','2015-05-01',23),(234,'2015-05-01','2015-05-01',23),(235,'2015-05-01','2015-05-01',23),(236,'2015-05-01','2015-05-01',23),(237,'2015-05-01','2015-05-01',23),(238,'2015-05-01','2015-05-01',23),(239,'2015-05-01','2015-05-01',23),(240,'2015-05-01','2015-05-01',24),(241,'2015-05-01','2015-05-01',24),(242,'2015-05-01','2015-05-01',24),(243,'2015-05-01','2015-05-01',24),(244,'2015-05-01','2015-05-01',24),(245,'2015-05-01','2015-05-01',24),(246,'2015-05-01','2015-05-01',24),(247,'2015-05-01','2015-05-01',24),(248,'2015-05-01','2015-05-01',24),(249,'2015-05-01','2015-05-01',24),(250,'2015-05-01','2015-05-01',25),(251,'2015-05-01','2015-05-01',25),(252,'2015-05-01','2015-05-01',25),(253,'2015-05-01','2015-05-01',25),(254,'2015-05-01','2015-05-01',25),(255,'2015-05-01','2015-05-01',25),(256,'2015-05-01','2015-05-01',25),(257,'2015-05-01','2015-05-01',25),(258,'2015-05-01','2015-05-01',25),(259,'2015-05-01','2015-05-01',25),(260,'2015-05-01','2015-05-01',26),(261,'2015-05-01','2015-05-01',26),(262,'2015-05-01','2015-05-01',26),(263,'2015-05-01','2015-05-01',26),(264,'2015-05-01','2015-05-01',26),(265,'2015-05-01','2015-05-01',26),(266,'2015-05-01','2015-05-01',26),(267,'2015-05-01','2015-05-01',26),(268,'2015-05-01','2015-05-01',26),(269,'2015-05-01','2015-05-01',26),(270,'2015-05-01','2015-05-01',27),(271,'2015-05-01','2015-05-01',27),(272,'2015-05-01','2015-05-01',27),(273,'2015-05-01','2015-05-01',27),(274,'2015-05-01','2015-05-01',27),(275,'2015-05-01','2015-05-01',27),(276,'2015-05-01','2015-05-01',27),(277,'2015-05-01','2015-05-01',27),(278,'2015-05-01','2015-05-01',27),(279,'2015-05-01','2015-05-01',27),(280,'2015-05-01','2015-05-01',28),(281,'2015-05-01','2015-05-01',28),(282,'2015-05-01','2015-05-01',28),(283,'2015-05-01','2015-05-01',28),(284,'2015-05-01','2015-05-01',28),(285,'2015-05-01','2015-05-01',28),(286,'2015-05-01','2015-05-01',28),(287,'2015-05-01','2015-05-01',28),(288,'2015-05-01','2015-05-01',28),(289,'2015-05-01','2015-05-01',28),(290,'2015-05-01','2015-05-01',29),(291,'2015-05-01','2015-05-01',29),(292,'2015-05-01','2015-05-01',29),(293,'2015-05-01','2015-05-01',29),(294,'2015-05-01','2015-05-01',29),(295,'2015-05-01','2015-05-01',29),(296,'2015-05-01','2015-05-01',29),(297,'2015-05-01','2015-05-01',29),(298,'2015-05-01','2015-05-01',29),(299,'2015-05-01','2015-05-01',29),(300,'2015-05-01','2015-05-01',30),(301,'2015-05-01','2015-05-01',30),(302,'2015-05-01','2015-05-01',30),(303,'2015-05-01','2015-05-01',30),(304,'2015-05-01','2015-05-01',30),(305,'2015-05-01','2015-05-01',30),(306,'2015-05-01','2015-05-01',30),(307,'2015-05-01','2015-05-01',30),(308,'2015-05-01','2015-05-01',30),(309,'2015-05-01','2015-05-01',30);
/*!40000 ALTER TABLE `room1` ENABLE KEYS */;
UNLOCK TABLES;

--
-- Table structure for table `room2`
--

DROP TABLE IF EXISTS `room2`;
/*!40101 SET @saved_cs_client     = @@character_set_client */;
/*!40101 SET character_set_client = utf8 */;
CREATE TABLE `room2` (
  `roomID` int(11) NOT NULL,
  `checkinDate` date NOT NULL,
  `checkoutDate` date NOT NULL,
  `hotelID` int(11) NOT NULL,
  PRIMARY KEY (`roomID`),
  UNIQUE KEY `roomID_UNIQUE` (`roomID`),
  KEY `fk_hotelID_idx` (`hotelID`),
  CONSTRAINT `fk_hotelID2` FOREIGN KEY (`hotelID`) REFERENCES `hotel2` (`hotelID`) ON DELETE NO ACTION ON UPDATE NO ACTION
) ENGINE=InnoDB DEFAULT CHARSET=latin1;
/*!40101 SET character_set_client = @saved_cs_client */;

--
-- Dumping data for table `room2`
--

LOCK TABLES `room2` WRITE;
/*!40000 ALTER TABLE `room2` DISABLE KEYS */;
INSERT INTO `room2` VALUES (10,'2015-05-01','2015-05-01',1),(11,'2015-05-01','2015-05-01',1),(12,'2015-05-01','2015-05-01',1),(13,'2015-05-01','2015-05-01',1),(14,'2015-05-01','2015-05-01',1),(15,'2015-05-01','2015-05-01',1),(16,'2015-05-01','2015-05-01',1),(17,'2015-05-01','2015-05-01',1),(18,'2015-05-01','2015-05-01',1),(19,'2015-05-01','2015-05-01',1),(20,'2015-05-01','2015-05-01',2),(21,'2015-05-01','2015-05-01',2),(22,'2015-05-01','2015-05-01',2),(23,'2015-05-01','2015-05-01',2),(24,'2015-05-01','2015-05-01',2),(25,'2015-05-01','2015-05-01',2),(26,'2015-05-01','2015-05-01',2),(27,'2015-05-01','2015-05-01',2),(28,'2015-05-01','2015-05-01',2),(29,'2015-05-01','2015-05-01',2),(30,'2015-05-01','2015-05-01',3),(31,'2015-05-01','2015-05-01',3),(32,'2015-05-01','2015-05-01',3),(33,'2015-05-01','2015-05-01',3),(34,'2015-05-01','2015-05-01',3),(35,'2015-05-01','2015-05-01',3),(36,'2015-05-01','2015-05-01',3),(37,'2015-05-01','2015-05-01',3),(38,'2015-05-01','2015-05-01',3),(39,'2015-05-01','2015-05-01',3),(40,'2015-05-01','2015-05-01',4),(41,'2015-05-01','2015-05-01',4),(42,'2015-05-01','2015-05-01',4),(43,'2015-05-01','2015-05-01',4),(44,'2015-05-01','2015-05-01',4),(45,'2015-05-01','2015-05-01',4),(46,'2015-05-01','2015-05-01',4),(47,'2015-05-01','2015-05-01',4),(48,'2015-05-01','2015-05-01',4),(49,'2015-05-01','2015-05-01',4),(50,'2015-05-01','2015-05-01',5),(51,'2015-05-01','2015-05-01',5),(52,'2015-05-01','2015-05-01',5),(53,'2015-05-01','2015-05-01',5),(54,'2015-05-01','2015-05-01',5),(55,'2015-05-01','2015-05-01',5),(56,'2015-05-01','2015-05-01',5),(57,'2015-05-01','2015-05-01',5),(58,'2015-05-01','2015-05-01',5),(59,'2015-05-01','2015-05-01',5),(60,'2015-05-01','2015-05-01',6),(61,'2015-05-01','2015-05-01',6),(62,'2015-05-01','2015-05-01',6),(63,'2015-05-01','2015-05-01',6),(64,'2015-05-01','2015-05-01',6),(65,'2015-05-01','2015-05-01',6),(66,'2015-05-01','2015-05-01',6),(67,'2015-05-01','2015-05-01',6),(68,'2015-05-01','2015-05-01',6),(69,'2015-05-01','2015-05-01',6),(70,'2015-05-01','2015-05-01',7),(71,'2015-05-01','2015-05-01',7),(72,'2015-05-01','2015-05-01',7),(73,'2015-05-01','2015-05-01',7),(74,'2015-05-01','2015-05-01',7),(75,'2015-05-01','2015-05-01',7),(76,'2015-05-01','2015-05-01',7),(77,'2015-05-01','2015-05-01',7),(78,'2015-05-01','2015-05-01',7),(79,'2015-05-01','2015-05-01',7),(80,'2015-05-01','2015-05-01',8),(81,'2015-05-01','2015-05-01',8),(82,'2015-05-01','2015-05-01',8),(83,'2015-05-01','2015-05-01',8),(84,'2015-05-01','2015-05-01',8),(85,'2015-05-01','2015-05-01',8),(86,'2015-05-01','2015-05-01',8),(87,'2015-05-01','2015-05-01',8),(88,'2015-05-01','2015-05-01',8),(89,'2015-05-01','2015-05-01',8),(90,'2015-05-01','2015-05-01',9),(91,'2015-05-01','2015-05-01',9),(92,'2015-05-01','2015-05-01',9),(93,'2015-05-01','2015-05-01',9),(94,'2015-05-01','2015-05-01',9),(95,'2015-05-01','2015-05-01',9),(96,'2015-05-01','2015-05-01',9),(97,'2015-05-01','2015-05-01',9),(98,'2015-05-01','2015-05-01',9),(99,'2015-05-01','2015-05-01',9),(100,'2015-05-01','2015-05-01',10),(101,'2015-05-01','2015-05-01',10),(102,'2015-05-01','2015-05-01',10),(103,'2015-05-01','2015-05-01',10),(104,'2015-05-01','2015-05-01',10),(105,'2015-05-01','2015-05-01',10),(106,'2015-05-01','2015-05-01',10),(107,'2015-05-01','2015-05-01',10),(108,'2015-05-01','2015-05-01',10),(109,'2015-05-01','2015-05-01',10),(110,'2015-05-01','2015-05-01',11),(111,'2015-05-01','2015-05-01',11),(112,'2015-05-01','2015-05-01',11),(113,'2015-05-01','2015-05-01',11),(114,'2015-05-01','2015-05-01',11),(115,'2015-05-01','2015-05-01',11),(116,'2015-05-01','2015-05-01',11),(117,'2015-05-01','2015-05-01',11),(118,'2015-05-01','2015-05-01',11),(119,'2015-05-01','2015-05-01',11),(120,'2015-05-01','2015-05-01',12),(121,'2015-05-01','2015-05-01',12),(122,'2015-05-01','2015-05-01',12),(123,'2015-05-01','2015-05-01',12),(124,'2015-05-01','2015-05-01',12),(125,'2015-05-01','2015-05-01',12),(126,'2015-05-01','2015-05-01',12),(127,'2015-05-01','2015-05-01',12),(128,'2015-05-01','2015-05-01',12),(129,'2015-05-01','2015-05-01',12),(130,'2015-05-01','2015-05-01',13),(131,'2015-05-01','2015-05-01',13),(132,'2015-05-01','2015-05-01',13),(133,'2015-05-01','2015-05-01',13),(134,'2015-05-01','2015-05-01',13),(135,'2015-05-01','2015-05-01',13),(136,'2015-05-01','2015-05-01',13),(137,'2015-05-01','2015-05-01',13),(138,'2015-05-01','2015-05-01',13),(139,'2015-05-01','2015-05-01',13),(140,'2015-05-01','2015-05-01',14),(141,'2015-05-01','2015-05-01',14),(142,'2015-05-01','2015-05-01',14),(143,'2015-05-01','2015-05-01',14),(144,'2015-05-01','2015-05-01',14),(145,'2015-05-01','2015-05-01',14),(146,'2015-05-01','2015-05-01',14),(147,'2015-05-01','2015-05-01',14),(148,'2015-05-01','2015-05-01',14),(149,'2015-05-01','2015-05-01',14),(150,'2015-05-01','2015-05-01',15),(151,'2015-05-01','2015-05-01',15),(152,'2015-05-01','2015-05-01',15),(153,'2015-05-01','2015-05-01',15),(154,'2015-05-01','2015-05-01',15),(155,'2015-05-01','2015-05-01',15),(156,'2015-05-01','2015-05-01',15),(157,'2015-05-01','2015-05-01',15),(158,'2015-05-01','2015-05-01',15),(159,'2015-05-01','2015-05-01',15),(160,'2015-05-01','2015-05-01',16),(161,'2015-05-01','2015-05-01',16),(162,'2015-05-01','2015-05-01',16),(163,'2015-05-01','2015-05-01',16),(164,'2015-05-01','2015-05-01',16),(165,'2015-05-01','2015-05-01',16),(166,'2015-05-01','2015-05-01',16),(167,'2015-05-01','2015-05-01',16),(168,'2015-05-01','2015-05-01',16),(169,'2015-05-01','2015-05-01',16),(170,'2015-05-01','2015-05-01',17),(171,'2015-05-01','2015-05-01',17),(172,'2015-05-01','2015-05-01',17),(173,'2015-05-01','2015-05-01',17),(174,'2015-05-01','2015-05-01',17),(175,'2015-05-01','2015-05-01',17),(176,'2015-05-01','2015-05-01',17),(177,'2015-05-01','2015-05-01',17),(178,'2015-05-01','2015-05-01',17),(179,'2015-05-01','2015-05-01',17),(180,'2015-05-01','2015-05-01',18),(181,'2015-05-01','2015-05-01',18),(182,'2015-05-01','2015-05-01',18),(183,'2015-05-01','2015-05-01',18),(184,'2015-05-01','2015-05-01',18),(185,'2015-05-01','2015-05-01',18),(186,'2015-05-01','2015-05-01',18),(187,'2015-05-01','2015-05-01',18),(188,'2015-05-01','2015-05-01',18),(189,'2015-05-01','2015-05-01',18),(190,'2015-05-01','2015-05-01',19),(191,'2015-05-01','2015-05-01',19),(192,'2015-05-01','2015-05-01',19),(193,'2015-05-01','2015-05-01',19),(194,'2015-05-01','2015-05-01',19),(195,'2015-05-01','2015-05-01',19),(196,'2015-05-01','2015-05-01',19),(197,'2015-05-01','2015-05-01',19),(198,'2015-05-01','2015-05-01',19),(199,'2015-05-01','2015-05-01',19),(200,'2015-05-01','2015-05-01',20),(201,'2015-05-01','2015-05-01',20),(202,'2015-05-01','2015-05-01',20),(203,'2015-05-01','2015-05-01',20),(204,'2015-05-01','2015-05-01',20),(205,'2015-05-01','2015-05-01',20),(206,'2015-05-01','2015-05-01',20),(207,'2015-05-01','2015-05-01',20),(208,'2015-05-01','2015-05-01',20),(209,'2015-05-01','2015-05-01',20),(210,'2015-05-01','2015-05-01',21),(211,'2015-05-01','2015-05-01',21),(212,'2015-05-01','2015-05-01',21),(213,'2015-05-01','2015-05-01',21),(214,'2015-05-01','2015-05-01',21),(215,'2015-05-01','2015-05-01',21),(216,'2015-05-01','2015-05-01',21),(217,'2015-05-01','2015-05-01',21),(218,'2015-05-01','2015-05-01',21),(219,'2015-05-01','2015-05-01',21),(220,'2015-05-01','2015-05-01',22),(221,'2015-05-01','2015-05-01',22),(222,'2015-05-01','2015-05-01',22),(223,'2015-05-01','2015-05-01',22),(224,'2015-05-01','2015-05-01',22),(225,'2015-05-01','2015-05-01',22),(226,'2015-05-01','2015-05-01',22),(227,'2015-05-01','2015-05-01',22),(228,'2015-05-01','2015-05-01',22),(229,'2015-05-01','2015-05-01',22),(230,'2015-05-01','2015-05-01',23),(231,'2015-05-01','2015-05-01',23),(232,'2015-05-01','2015-05-01',23),(233,'2015-05-01','2015-05-01',23),(234,'2015-05-01','2015-05-01',23),(235,'2015-05-01','2015-05-01',23),(236,'2015-05-01','2015-05-01',23),(237,'2015-05-01','2015-05-01',23),(238,'2015-05-01','2015-05-01',23),(239,'2015-05-01','2015-05-01',23),(240,'2015-05-01','2015-05-01',24),(241,'2015-05-01','2015-05-01',24),(242,'2015-05-01','2015-05-01',24),(243,'2015-05-01','2015-05-01',24),(244,'2015-05-01','2015-05-01',24),(245,'2015-05-01','2015-05-01',24),(246,'2015-05-01','2015-05-01',24),(247,'2015-05-01','2015-05-01',24),(248,'2015-05-01','2015-05-01',24),(249,'2015-05-01','2015-05-01',24),(250,'2015-05-01','2015-05-01',25),(251,'2015-05-01','2015-05-01',25),(252,'2015-05-01','2015-05-01',25),(253,'2015-05-01','2015-05-01',25),(254,'2015-05-01','2015-05-01',25),(255,'2015-05-01','2015-05-01',25),(256,'2015-05-01','2015-05-01',25),(257,'2015-05-01','2015-05-01',25),(258,'2015-05-01','2015-05-01',25),(259,'2015-05-01','2015-05-01',25),(260,'2015-05-01','2015-05-01',26),(261,'2015-05-01','2015-05-01',26),(262,'2015-05-01','2015-05-01',26),(263,'2015-05-01','2015-05-01',26),(264,'2015-05-01','2015-05-01',26),(265,'2015-05-01','2015-05-01',26),(266,'2015-05-01','2015-05-01',26),(267,'2015-05-01','2015-05-01',26),(268,'2015-05-01','2015-05-01',26),(269,'2015-05-01','2015-05-01',26),(270,'2015-05-01','2015-05-01',27),(271,'2015-05-01','2015-05-01',27),(272,'2015-05-01','2015-05-01',27),(273,'2015-05-01','2015-05-01',27),(274,'2015-05-01','2015-05-01',27),(275,'2015-05-01','2015-05-01',27),(276,'2015-05-01','2015-05-01',27),(277,'2015-05-01','2015-05-01',27),(278,'2015-05-01','2015-05-01',27),(279,'2015-05-01','2015-05-01',27),(280,'2015-05-01','2015-05-01',28),(281,'2015-05-01','2015-05-01',28),(282,'2015-05-01','2015-05-01',28),(283,'2015-05-01','2015-05-01',28),(284,'2015-05-01','2015-05-01',28),(285,'2015-05-01','2015-05-01',28),(286,'2015-05-01','2015-05-01',28),(287,'2015-05-01','2015-05-01',28),(288,'2015-05-01','2015-05-01',28),(289,'2015-05-01','2015-05-01',28),(290,'2015-05-01','2015-05-01',29),(291,'2015-05-01','2015-05-01',29),(292,'2015-05-01','2015-05-01',29),(293,'2015-05-01','2015-05-01',29),(294,'2015-05-01','2015-05-01',29),(295,'2015-05-01','2015-05-01',29),(296,'2015-05-01','2015-05-01',29),(297,'2015-05-01','2015-05-01',29),(298,'2015-05-01','2015-05-01',29),(299,'2015-05-01','2015-05-01',29),(300,'2015-05-01','2015-05-01',30),(301,'2015-05-01','2015-05-01',30),(302,'2015-05-01','2015-05-01',30),(303,'2015-05-01','2015-05-01',30),(304,'2015-05-01','2015-05-01',30),(305,'2015-05-01','2015-05-01',30),(306,'2015-05-01','2015-05-01',30),(307,'2015-05-01','2015-05-01',30),(308,'2015-05-01','2015-05-01',30),(309,'2015-05-01','2015-05-01',30);
/*!40000 ALTER TABLE `room2` ENABLE KEYS */;
UNLOCK TABLES;

--
-- Table structure for table `transaction1`
--

DROP TABLE IF EXISTS `transaction1`;
/*!40101 SET @saved_cs_client     = @@character_set_client */;
/*!40101 SET character_set_client = utf8 */;
CREATE TABLE `transaction1` (
  `tranID` varchar(255) NOT NULL,
  `roomID` int(11) NOT NULL,
  `bookDT` date NOT NULL,
  `bookerID` varchar(255) NOT NULL,
  `creditNO` varchar(255) NOT NULL,
  `hotelID` int(11) NOT NULL,
  `bandstr` varchar(255) NOT NULL,
  PRIMARY KEY (`tranID`),
  UNIQUE KEY `TID_UNIQUE` (`tranID`),
  KEY `fk_roomID_idx` (`roomID`),
  KEY `fk_bookerID_idx` (`bookerID`),
  KEY `fk_hotelID_idx` (`hotelID`),
  CONSTRAINT `fk_hoteID` FOREIGN KEY (`hotelID`) REFERENCES `hotel1` (`hotelID`) ON DELETE NO ACTION ON UPDATE NO ACTION,
  CONSTRAINT `fk_roomID` FOREIGN KEY (`roomID`) REFERENCES `room1` (`roomID`) ON DELETE NO ACTION ON UPDATE NO ACTION
) ENGINE=InnoDB DEFAULT CHARSET=latin1;
/*!40101 SET character_set_client = @saved_cs_client */;

--
-- Dumping data for table `transaction1`
--

LOCK TABLES `transaction1` WRITE;
/*!40000 ALTER TABLE `transaction1` DISABLE KEYS */;
INSERT INTO `transaction1` VALUES ('2015-05-022015-05-0833526346702',35,'2015-05-18','26346702','1234567890123456',3,'regent'),('2015-05-032015-05-0722826346702',28,'2015-05-18','26346702','1234567890123456',2,'chevron'),('2015-05-052015-05-1199026346702',90,'2015-05-18','26346702','1234567890123456',9,'regent');
/*!40000 ALTER TABLE `transaction1` ENABLE KEYS */;
UNLOCK TABLES;

--
-- Table structure for table `transaction2`
--

DROP TABLE IF EXISTS `transaction2`;
/*!40101 SET @saved_cs_client     = @@character_set_client */;
/*!40101 SET character_set_client = utf8 */;
CREATE TABLE `transaction2` (
  `tranID` varchar(255) NOT NULL,
  `roomID` int(11) NOT NULL,
  `bookDT` date NOT NULL,
  `bookerID` varchar(255) NOT NULL,
  `creditNO` varchar(255) NOT NULL,
  `hotelID` int(11) NOT NULL,
  `bandstr` varchar(255) NOT NULL,
  PRIMARY KEY (`tranID`),
  UNIQUE KEY `tranID_UNIQUE` (`tranID`),
  KEY `fk_bookerID_idx` (`bookerID`),
  KEY `fk_hoteID_idx` (`hotelID`),
  KEY `fk_roomID_idx` (`roomID`),
  CONSTRAINT `fk_hoteID2` FOREIGN KEY (`hotelID`) REFERENCES `hotel2` (`hotelID`) ON DELETE NO ACTION ON UPDATE NO ACTION,
  CONSTRAINT `fk_roomID2` FOREIGN KEY (`roomID`) REFERENCES `room2` (`roomID`) ON DELETE NO ACTION ON UPDATE NO ACTION
) ENGINE=InnoDB DEFAULT CHARSET=latin1;
/*!40101 SET character_set_client = @saved_cs_client */;

--
-- Dumping data for table `transaction2`
--

LOCK TABLES `transaction2` WRITE;
/*!40000 ALTER TABLE `transaction2` DISABLE KEYS */;
/*!40000 ALTER TABLE `transaction2` ENABLE KEYS */;
UNLOCK TABLES;
/*!40103 SET TIME_ZONE=@OLD_TIME_ZONE */;

/*!40101 SET SQL_MODE=@OLD_SQL_MODE */;
/*!40014 SET FOREIGN_KEY_CHECKS=@OLD_FOREIGN_KEY_CHECKS */;
/*!40014 SET UNIQUE_CHECKS=@OLD_UNIQUE_CHECKS */;
/*!40101 SET CHARACTER_SET_CLIENT=@OLD_CHARACTER_SET_CLIENT */;
/*!40101 SET CHARACTER_SET_RESULTS=@OLD_CHARACTER_SET_RESULTS */;
/*!40101 SET COLLATION_CONNECTION=@OLD_COLLATION_CONNECTION */;
/*!40111 SET SQL_NOTES=@OLD_SQL_NOTES */;

-- Dump completed on 2015-05-18 21:56:14
